SET check_function_bodies = false;
INSERT INTO public."user" (id, firstname, lastname, avatar, created_at, updated_at) VALUES (1, 'Jevon', 'Skiles', 'https://cloudflare-ipfs.com/ipfs/Qmd3W5DuhgHirLHGVixi6V76LhCkZUz6pnFt5AJBiyvHye/avatar/1014.jpg', '2022-05-26 14:48:41.534628+00', '2022-05-26 14:48:41.534628+00');
INSERT INTO public."user" (id, firstname, lastname, avatar, created_at, updated_at) VALUES (2, 'Adolphus', 'Kemmer', 'https://cloudflare-ipfs.com/ipfs/Qmd3W5DuhgHirLHGVixi6V76LhCkZUz6pnFt5AJBiyvHye/avatar/413.jpg', '2022-05-26 14:48:41.534628+00', '2022-05-26 14:48:41.534628+00');
INSERT INTO public."user" (id, firstname, lastname, avatar, created_at, updated_at) VALUES (3, 'Keagan', 'Beier', 'https://cloudflare-ipfs.com/ipfs/Qmd3W5DuhgHirLHGVixi6V76LhCkZUz6pnFt5AJBiyvHye/avatar/31.jpg', '2022-05-26 14:48:41.534628+00', '2022-05-26 14:48:41.534628+00');
INSERT INTO public."user" (id, firstname, lastname, avatar, created_at, updated_at) VALUES (4, 'Abby', 'Shanahan', 'https://cloudflare-ipfs.com/ipfs/Qmd3W5DuhgHirLHGVixi6V76LhCkZUz6pnFt5AJBiyvHye/avatar/594.jpg', '2022-05-26 14:48:41.534628+00', '2022-05-26 14:48:41.534628+00');
INSERT INTO public."user" (id, firstname, lastname, avatar, created_at, updated_at) VALUES (5, 'Kay', 'Considine', 'https://cloudflare-ipfs.com/ipfs/Qmd3W5DuhgHirLHGVixi6V76LhCkZUz6pnFt5AJBiyvHye/avatar/437.jpg', '2022-05-26 14:48:41.534628+00', '2022-05-26 14:48:41.534628+00');
INSERT INTO public."user" (id, firstname, lastname, avatar, created_at, updated_at) VALUES (6, 'Adella', 'Kilback', 'https://cloudflare-ipfs.com/ipfs/Qmd3W5DuhgHirLHGVixi6V76LhCkZUz6pnFt5AJBiyvHye/avatar/208.jpg', '2022-05-26 14:48:41.534628+00', '2022-05-26 14:48:41.534628+00');
INSERT INTO public."user" (id, firstname, lastname, avatar, created_at, updated_at) VALUES (7, 'Krystal', 'Ratke', 'https://cloudflare-ipfs.com/ipfs/Qmd3W5DuhgHirLHGVixi6V76LhCkZUz6pnFt5AJBiyvHye/avatar/443.jpg', '2022-05-26 14:48:41.534628+00', '2022-05-26 14:48:41.534628+00');
INSERT INTO public."user" (id, firstname, lastname, avatar, created_at, updated_at) VALUES (8, 'Arianna', 'Schultz', 'https://cloudflare-ipfs.com/ipfs/Qmd3W5DuhgHirLHGVixi6V76LhCkZUz6pnFt5AJBiyvHye/avatar/711.jpg', '2022-05-26 14:48:41.534628+00', '2022-05-26 14:48:41.534628+00');
INSERT INTO public."user" (id, firstname, lastname, avatar, created_at, updated_at) VALUES (9, 'Brock', 'Weissnat', 'https://cloudflare-ipfs.com/ipfs/Qmd3W5DuhgHirLHGVixi6V76LhCkZUz6pnFt5AJBiyvHye/avatar/778.jpg', '2022-05-26 14:48:41.534628+00', '2022-05-26 14:48:41.534628+00');
INSERT INTO public."user" (id, firstname, lastname, avatar, created_at, updated_at) VALUES (10, 'Jaunita', 'Aufderhar', 'https://cloudflare-ipfs.com/ipfs/Qmd3W5DuhgHirLHGVixi6V76LhCkZUz6pnFt5AJBiyvHye/avatar/857.jpg', '2022-05-26 14:48:41.534628+00', '2022-05-26 14:48:41.534628+00');
INSERT INTO public."user" (id, firstname, lastname, avatar, created_at, updated_at) VALUES (11, 'Twila', 'Baumbach', 'https://cloudflare-ipfs.com/ipfs/Qmd3W5DuhgHirLHGVixi6V76LhCkZUz6pnFt5AJBiyvHye/avatar/362.jpg', '2022-05-26 14:48:41.534628+00', '2022-05-26 14:48:41.534628+00');
INSERT INTO public."user" (id, firstname, lastname, avatar, created_at, updated_at) VALUES (12, 'Dudley', 'Wilderman', 'https://cloudflare-ipfs.com/ipfs/Qmd3W5DuhgHirLHGVixi6V76LhCkZUz6pnFt5AJBiyvHye/avatar/1208.jpg', '2022-05-26 14:48:41.534628+00', '2022-05-26 14:48:41.534628+00');
INSERT INTO public."user" (id, firstname, lastname, avatar, created_at, updated_at) VALUES (13, 'Mikel', 'Hilpert', 'https://cloudflare-ipfs.com/ipfs/Qmd3W5DuhgHirLHGVixi6V76LhCkZUz6pnFt5AJBiyvHye/avatar/280.jpg', '2022-05-26 14:48:41.534628+00', '2022-05-26 14:48:41.534628+00');
INSERT INTO public."user" (id, firstname, lastname, avatar, created_at, updated_at) VALUES (14, 'Ashtyn', 'Kemmer', 'https://cloudflare-ipfs.com/ipfs/Qmd3W5DuhgHirLHGVixi6V76LhCkZUz6pnFt5AJBiyvHye/avatar/786.jpg', '2022-05-26 14:48:41.534628+00', '2022-05-26 14:48:41.534628+00');
INSERT INTO public."user" (id, firstname, lastname, avatar, created_at, updated_at) VALUES (15, 'Effie', 'Daugherty', 'https://cloudflare-ipfs.com/ipfs/Qmd3W5DuhgHirLHGVixi6V76LhCkZUz6pnFt5AJBiyvHye/avatar/979.jpg', '2022-05-26 14:48:41.534628+00', '2022-05-26 14:48:41.534628+00');
INSERT INTO public."user" (id, firstname, lastname, avatar, created_at, updated_at) VALUES (16, 'Summer', 'Kub', 'https://cloudflare-ipfs.com/ipfs/Qmd3W5DuhgHirLHGVixi6V76LhCkZUz6pnFt5AJBiyvHye/avatar/320.jpg', '2022-05-26 14:48:41.534628+00', '2022-05-26 14:48:41.534628+00');
INSERT INTO public."user" (id, firstname, lastname, avatar, created_at, updated_at) VALUES (17, 'Zelda', 'Smitham', 'https://cloudflare-ipfs.com/ipfs/Qmd3W5DuhgHirLHGVixi6V76LhCkZUz6pnFt5AJBiyvHye/avatar/536.jpg', '2022-05-26 14:48:41.534628+00', '2022-05-26 14:48:41.534628+00');
INSERT INTO public."user" (id, firstname, lastname, avatar, created_at, updated_at) VALUES (18, 'Shannon', 'Douglas', 'https://cloudflare-ipfs.com/ipfs/Qmd3W5DuhgHirLHGVixi6V76LhCkZUz6pnFt5AJBiyvHye/avatar/632.jpg', '2022-05-26 14:48:41.534628+00', '2022-05-26 14:48:41.534628+00');
INSERT INTO public."user" (id, firstname, lastname, avatar, created_at, updated_at) VALUES (19, 'Amber', 'Kerluke', 'https://cloudflare-ipfs.com/ipfs/Qmd3W5DuhgHirLHGVixi6V76LhCkZUz6pnFt5AJBiyvHye/avatar/1076.jpg', '2022-05-26 14:48:41.534628+00', '2022-05-26 14:48:41.534628+00');
INSERT INTO public."user" (id, firstname, lastname, avatar, created_at, updated_at) VALUES (20, 'Rogelio', 'Jacobson', 'https://cloudflare-ipfs.com/ipfs/Qmd3W5DuhgHirLHGVixi6V76LhCkZUz6pnFt5AJBiyvHye/avatar/326.jpg', '2022-05-26 14:48:41.534628+00', '2022-05-26 14:48:41.534628+00');
INSERT INTO public.post (id, title, content, author_id, created_at, updated_at) VALUES (1, 'Voluptas dolor aut accusamus amet.', 'Modi illum repellat. Repellendus consequatur et dolores voluptatem saepe rerum rem. Quisquam similique ut aspernatur maiores optio officiis tenetur atque. Quod repudiandae facere iste totam. Quia quod vel ipsa recusandae voluptatem quia laudantium. Quis est omnis sunt rerum magnam assumenda nulla ut.
Itaque cum quia quas id. Est beatae iusto est explicabo aspernatur. Et ea beatae nulla ipsum accusamus optio. Corrupti excepturi quia.
Adipisci explicabo velit nobis rerum libero voluptatibus et. Sint illum porro. Quibusdam non laborum eveniet.
Consectetur necessitatibus quia nihil nostrum architecto ea. Aliquid voluptatem dolores a sit voluptatem dolorum nesciunt. Laudantium qui excepturi molestiae id doloremque.
Cupiditate illo itaque in consectetur temporibus accusantium itaque. Quis at voluptas. Facilis optio pariatur et dignissimos odit accusantium. Est nulla odit facere sit in veniam accusantium ut.', 1, '2022-05-26 14:48:41.546391+00', '2022-05-26 14:48:41.546391+00');
INSERT INTO public.comment (id, commentator, comment, post_id, reply_to_id, created_at, updated_at) VALUES (51, 1, 'coucou', 1, NULL, '2021-05-26 14:48:41.850112+00', '2022-05-26 15:05:03.862835+00');
INSERT INTO public.comment (id, commentator, comment, post_id, reply_to_id, created_at, updated_at) VALUES (52, 1, '', NULL, NULL, '2022-05-26 15:14:02.977074+00', '2022-05-26 15:14:02.977074+00');
INSERT INTO public.comment (id, commentator, comment, post_id, reply_to_id, created_at, updated_at) VALUES (56, 1, 'sdsds', NULL, NULL, '2022-05-26 15:15:27.919206+00', '2022-05-26 15:15:27.919206+00');
INSERT INTO public.comment (id, commentator, comment, post_id, reply_to_id, created_at, updated_at) VALUES (53, 18, 'sdsdd', NULL, NULL, '2022-05-26 15:14:24.915279+00', '2022-05-26 15:14:24.915279+00');
INSERT INTO public.comment (id, commentator, comment, post_id, reply_to_id, created_at, updated_at) VALUES (54, 10, 'sdsdsd', NULL, NULL, '2022-05-26 15:14:57.172823+00', '2022-05-26 15:14:57.172823+00');
INSERT INTO public.comment (id, commentator, comment, post_id, reply_to_id, created_at, updated_at) VALUES (55, 10, 'fdfdff', NULL, NULL, '2022-05-26 15:15:06.378671+00', '2022-05-26 15:15:06.378671+00');
INSERT INTO public.comment (id, commentator, comment, post_id, reply_to_id, created_at, updated_at) VALUES (57, 2, 'sdsdsd', NULL, NULL, '2022-05-26 15:15:45.118029+00', '2022-05-26 15:15:45.118029+00');
INSERT INTO public.comment (id, commentator, comment, post_id, reply_to_id, created_at, updated_at) VALUES (58, 5, 'dfdf sdsds', 1, NULL, '2022-05-26 15:17:42.412755+00', '2022-05-26 15:17:42.412755+00');
INSERT INTO public.comment (id, commentator, comment, post_id, reply_to_id, created_at, updated_at) VALUES (59, 5, 'ddfdf', 1, NULL, '2022-05-26 15:17:45.070981+00', '2022-05-26 15:17:45.070981+00');
INSERT INTO public.comment (id, commentator, comment, post_id, reply_to_id, created_at, updated_at) VALUES (60, 9, 'dsdsd eddf', 1, NULL, '2022-05-26 15:19:28.154253+00', '2022-05-26 15:19:28.154253+00');
INSERT INTO public.comment (id, commentator, comment, post_id, reply_to_id, created_at, updated_at) VALUES (61, 9, 'sds', 1, NULL, '2022-05-26 15:20:56.889312+00', '2022-05-26 15:20:56.889312+00');
INSERT INTO public.comment (id, commentator, comment, post_id, reply_to_id, created_at, updated_at) VALUES (62, 9, 'dsds', 1, NULL, '2022-05-26 15:20:57.656422+00', '2022-05-26 15:20:57.656422+00');
INSERT INTO public.comment (id, commentator, comment, post_id, reply_to_id, created_at, updated_at) VALUES (63, 9, 'sdsd', 1, NULL, '2022-05-26 15:20:58.365197+00', '2022-05-26 15:20:58.365197+00');
INSERT INTO public.comment (id, commentator, comment, post_id, reply_to_id, created_at, updated_at) VALUES (64, 2, 'sds', 1, NULL, '2022-05-26 15:36:35.949233+00', '2022-05-26 15:36:35.949233+00');
INSERT INTO public.comment (id, commentator, comment, post_id, reply_to_id, created_at, updated_at) VALUES (65, 8, 'sdsd', 1, NULL, '2022-05-26 15:37:21.069632+00', '2022-05-26 15:37:21.069632+00');
INSERT INTO public.comment (id, commentator, comment, post_id, reply_to_id, created_at, updated_at) VALUES (66, 8, 'sdsdsd', 1, NULL, '2022-05-26 15:45:22.639209+00', '2022-05-26 15:45:22.639209+00');
INSERT INTO public.comment (id, commentator, comment, post_id, reply_to_id, created_at, updated_at) VALUES (67, 13, 'das', 1, NULL, '2022-05-26 15:46:22.643125+00', '2022-05-26 15:46:22.643125+00');
INSERT INTO public.comment (id, commentator, comment, post_id, reply_to_id, created_at, updated_at) VALUES (68, 4, 'sdsdsddsd', 1, NULL, '2022-05-26 20:33:46.527562+00', '2022-05-26 20:33:46.527562+00');
INSERT INTO public.comment (id, commentator, comment, post_id, reply_to_id, created_at, updated_at) VALUES (69, 1, 'sdsdsds', 1, NULL, '2022-05-26 20:34:09.952175+00', '2022-05-26 20:34:09.952175+00');
INSERT INTO public.comment (id, commentator, comment, post_id, reply_to_id, created_at, updated_at) VALUES (70, 9, 'sdsds', 1, NULL, '2022-05-26 20:37:01.130981+00', '2022-05-26 20:37:01.130981+00');
INSERT INTO public.comment (id, commentator, comment, post_id, reply_to_id, created_at, updated_at) VALUES (71, 2, 'dsdsd', 1, NULL, '2022-05-26 20:44:44.316373+00', '2022-05-26 20:44:44.316373+00');
INSERT INTO public.comment (id, commentator, comment, post_id, reply_to_id, created_at, updated_at) VALUES (74, 17, 'aaaaaaaaaaa', 1, NULL, '2022-05-26 20:44:56.759933+00', '2022-05-26 20:44:56.759933+00');
INSERT INTO public.comment (id, commentator, comment, post_id, reply_to_id, created_at, updated_at) VALUES (75, 17, 'qqqqqqqqqqqqqqqqqqqqqqqq', 1, NULL, '2022-05-26 20:44:59.319129+00', '2022-05-26 20:44:59.319129+00');
INSERT INTO public.comment (id, commentator, comment, post_id, reply_to_id, created_at, updated_at) VALUES (76, 5, 'aaaaaaaaaa', 1, NULL, '2022-05-26 20:45:33.676668+00', '2022-05-26 20:45:33.676668+00');
INSERT INTO public.comment (id, commentator, comment, post_id, reply_to_id, created_at, updated_at) VALUES (72, 18, 'dsdsdsd', 1, NULL, '2022-05-26 20:44:49.500128+00', '2022-05-26 20:44:49.500128+00');
INSERT INTO public.comment (id, commentator, comment, post_id, reply_to_id, created_at, updated_at) VALUES (73, 18, 'sfgddrg', 1, NULL, '2022-05-26 20:44:51.667539+00', '2022-05-26 20:44:51.667539+00');
INSERT INTO public.comment (id, commentator, comment, post_id, reply_to_id, created_at, updated_at) VALUES (77, 5, 'dssdssdsdsddaaaaaavvvvv', 1, NULL, '2022-05-26 20:49:35.616535+00', '2022-05-26 20:49:35.616535+00');
INSERT INTO public.comment (id, commentator, comment, post_id, reply_to_id, created_at, updated_at) VALUES (78, 5, 'cccccc', 1, NULL, '2022-05-26 20:50:44.980636+00', '2022-05-26 20:50:44.980636+00');
INSERT INTO public.comment (id, commentator, comment, post_id, reply_to_id, created_at, updated_at) VALUES (79, 16, 'sdsdsdsdsdiiiiiiiIIIIIIIIIIIIIIIIIIIIIIIIIIIIIII', 1, NULL, '2022-05-26 20:59:41.748823+00', '2022-05-26 20:59:41.748823+00');
INSERT INTO public.comment (id, commentator, comment, post_id, reply_to_id, created_at, updated_at) VALUES (80, 8, 'sdsdsd', 1, NULL, '2022-05-26 21:02:09.138157+00', '2022-05-26 21:02:09.138157+00');
INSERT INTO public.comment (id, commentator, comment, post_id, reply_to_id, created_at, updated_at) VALUES (81, 8, 'sds', 1, NULL, '2022-05-26 21:02:11.077309+00', '2022-05-26 21:02:11.077309+00');
INSERT INTO public.comment (id, commentator, comment, post_id, reply_to_id, created_at, updated_at) VALUES (85, 7, 'ssss', 1, NULL, '2022-05-26 21:03:19.735907+00', '2022-05-26 21:03:19.735907+00');
INSERT INTO public.comment (id, commentator, comment, post_id, reply_to_id, created_at, updated_at) VALUES (90, 18, 'sdsds', 1, NULL, '2022-05-26 21:05:13.263252+00', '2022-05-26 21:05:13.263252+00');
INSERT INTO public.comment (id, commentator, comment, post_id, reply_to_id, created_at, updated_at) VALUES (92, 18, 'dfddf', 1, NULL, '2022-05-26 21:05:18.580913+00', '2022-05-26 21:05:18.580913+00');
INSERT INTO public.comment (id, commentator, comment, post_id, reply_to_id, created_at, updated_at) VALUES (82, 15, 'sdsdsd', 1, NULL, '2022-05-26 21:02:28.217844+00', '2022-05-26 21:02:28.217844+00');
INSERT INTO public.comment (id, commentator, comment, post_id, reply_to_id, created_at, updated_at) VALUES (83, 15, 'sdsd', 1, NULL, '2022-05-26 21:02:30.229013+00', '2022-05-26 21:02:30.229013+00');
INSERT INTO public.comment (id, commentator, comment, post_id, reply_to_id, created_at, updated_at) VALUES (84, 15, 'qqqqq', 1, NULL, '2022-05-26 21:02:32.118976+00', '2022-05-26 21:02:32.118976+00');
INSERT INTO public.comment (id, commentator, comment, post_id, reply_to_id, created_at, updated_at) VALUES (86, 14, 'sds', 1, NULL, '2022-05-26 21:05:05.222918+00', '2022-05-26 21:05:05.222918+00');
INSERT INTO public.comment (id, commentator, comment, post_id, reply_to_id, created_at, updated_at) VALUES (87, 14, 'sdsfggg', 1, NULL, '2022-05-26 21:05:07.764666+00', '2022-05-26 21:05:07.764666+00');
INSERT INTO public.comment (id, commentator, comment, post_id, reply_to_id, created_at, updated_at) VALUES (88, 14, 'gggg', 1, NULL, '2022-05-26 21:05:09.775815+00', '2022-05-26 21:05:09.775815+00');
INSERT INTO public.comment (id, commentator, comment, post_id, reply_to_id, created_at, updated_at) VALUES (89, 14, 'qqq', 1, NULL, '2022-05-26 21:05:11.116775+00', '2022-05-26 21:05:11.116775+00');
INSERT INTO public.comment (id, commentator, comment, post_id, reply_to_id, created_at, updated_at) VALUES (91, 14, 'sdsds', 1, NULL, '2022-05-26 21:05:16.170173+00', '2022-05-26 21:05:16.170173+00');
INSERT INTO public.comment (id, commentator, comment, post_id, reply_to_id, created_at, updated_at) VALUES (93, 18, 'sds', 1, NULL, '2022-05-26 21:06:18.430906+00', '2022-05-26 21:06:18.430906+00');
INSERT INTO public.comment (id, commentator, comment, post_id, reply_to_id, created_at, updated_at) VALUES (94, 18, 'tgggg', 1, NULL, '2022-05-26 21:06:21.387128+00', '2022-05-26 21:06:21.387128+00');
INSERT INTO public.comment (id, commentator, comment, post_id, reply_to_id, created_at, updated_at) VALUES (95, 14, 'qqqq', 1, NULL, '2022-05-26 21:06:24.364572+00', '2022-05-26 21:06:24.364572+00');
INSERT INTO public.comment (id, commentator, comment, post_id, reply_to_id, created_at, updated_at) VALUES (96, 1, 'sss', 1, NULL, '2022-05-26 21:07:48.84585+00', '2022-05-26 21:07:48.84585+00');
INSERT INTO public.comment (id, commentator, comment, post_id, reply_to_id, created_at, updated_at) VALUES (98, 1, '1', 1, NULL, '2022-05-26 21:20:34.971034+00', '2022-05-26 21:20:34.971034+00');
INSERT INTO public.comment (id, commentator, comment, post_id, reply_to_id, created_at, updated_at) VALUES (99, 1, '111', 1, NULL, '2022-05-26 21:20:40.319734+00', '2022-05-26 21:20:40.319734+00');
INSERT INTO public.comment (id, commentator, comment, post_id, reply_to_id, created_at, updated_at) VALUES (100, 8, 'ssss', 1, NULL, '2022-05-26 21:20:45.944793+00', '2022-05-26 21:20:45.944793+00');
INSERT INTO public.comment (id, commentator, comment, post_id, reply_to_id, created_at, updated_at) VALUES (101, 6, 'sdsds', 1, NULL, '2022-05-26 21:30:24.042417+00', '2022-05-26 21:30:24.042417+00');
INSERT INTO public.comment (id, commentator, comment, post_id, reply_to_id, created_at, updated_at) VALUES (97, 9, 'sds', 1, NULL, '2022-05-26 21:17:50.91742+00', '2022-05-26 21:17:50.91742+00');
INSERT INTO public.comment (id, commentator, comment, post_id, reply_to_id, created_at, updated_at) VALUES (102, 6, 'AAAAAAAAAAAAAAAAAAAAAAAA', 1, NULL, '2022-05-26 21:30:28.507541+00', '2022-05-26 21:30:28.507541+00');
INSERT INTO public.comment (id, commentator, comment, post_id, reply_to_id, created_at, updated_at) VALUES (103, 14, 'BBBBB', 1, NULL, '2022-05-26 22:42:05.276494+00', '2022-05-26 22:42:05.276494+00');
INSERT INTO public.comment (id, commentator, comment, post_id, reply_to_id, created_at, updated_at) VALUES (104, 11, 'eeee', 1, NULL, '2022-05-26 22:42:51.320166+00', '2022-05-26 22:42:51.320166+00');
INSERT INTO public.comment (id, commentator, comment, post_id, reply_to_id, created_at, updated_at) VALUES (105, 4, 'AAAASSQQQ', 1, NULL, '2022-05-26 22:46:25.333701+00', '2022-05-26 22:46:25.333701+00');
INSERT INTO public.comment (id, commentator, comment, post_id, reply_to_id, created_at, updated_at) VALUES (106, 18, 'aaaaa', 1, NULL, '2022-05-26 22:46:35.461887+00', '2022-05-26 22:46:35.461887+00');
INSERT INTO public.comment (id, commentator, comment, post_id, reply_to_id, created_at, updated_at) VALUES (107, 17, 'sdsdsgggYYYY', 1, NULL, '2022-05-26 23:10:13.25334+00', '2022-05-26 23:10:13.25334+00');
INSERT INTO public.comment (id, commentator, comment, post_id, reply_to_id, created_at, updated_at) VALUES (108, 17, 'sdsdsds', NULL, 107, '2022-05-26 23:17:28.473268+00', '2022-05-26 23:17:28.473268+00');
INSERT INTO public.comment (id, commentator, comment, post_id, reply_to_id, created_at, updated_at) VALUES (112, 7, 'sss', 1, NULL, '2022-05-26 23:28:31.524771+00', '2022-05-26 23:28:31.524771+00');
INSERT INTO public.comment (id, commentator, comment, post_id, reply_to_id, created_at, updated_at) VALUES (113, 11, 'coucou', NULL, 112, '2022-05-26 23:28:51.148579+00', '2022-05-26 23:28:51.148579+00');
INSERT INTO public.comment (id, commentator, comment, post_id, reply_to_id, created_at, updated_at) VALUES (115, 12, 'HEllooo', 1, NULL, '2022-05-26 23:31:47.162661+00', '2022-05-26 23:31:47.162661+00');
INSERT INTO public.comment (id, commentator, comment, post_id, reply_to_id, created_at, updated_at) VALUES (116, 1, 'YEAHHH', NULL, 115, '2022-05-26 23:31:54.219422+00', '2022-05-26 23:31:54.219422+00');
INSERT INTO public.comment (id, commentator, comment, post_id, reply_to_id, created_at, updated_at) VALUES (117, 12, 'coucou', 1, NULL, '2022-05-26 23:32:32.044247+00', '2022-05-26 23:32:32.044247+00');
INSERT INTO public.comment (id, commentator, comment, post_id, reply_to_id, created_at, updated_at) VALUES (126, 3, 'hahaha', NULL, 125, '2022-05-26 23:41:27.642632+00', '2022-05-26 23:41:27.642632+00');
INSERT INTO public.comment (id, commentator, comment, post_id, reply_to_id, created_at, updated_at) VALUES (127, 3, 'hhihihiih', NULL, 125, '2022-05-26 23:41:35.649218+00', '2022-05-26 23:41:35.649218+00');
INSERT INTO public.comment (id, commentator, comment, post_id, reply_to_id, created_at, updated_at) VALUES (129, 18, 'coucou', NULL, 128, '2022-05-26 23:43:35.000588+00', '2022-05-26 23:43:35.000588+00');
INSERT INTO public.comment (id, commentator, comment, post_id, reply_to_id, created_at, updated_at) VALUES (131, 14, 'ssss', NULL, 130, '2022-05-26 23:44:43.016773+00', '2022-05-26 23:44:43.016773+00');
INSERT INTO public.comment (id, commentator, comment, post_id, reply_to_id, created_at, updated_at) VALUES (133, 2, 'sdsdsd', NULL, 132, '2022-05-26 23:46:15.533312+00', '2022-05-26 23:46:15.533312+00');
INSERT INTO public.comment (id, commentator, comment, post_id, reply_to_id, created_at, updated_at) VALUES (134, 2, 'sdsdsd', NULL, 132, '2022-05-26 23:46:18.588758+00', '2022-05-26 23:46:18.588758+00');
INSERT INTO public.comment (id, commentator, comment, post_id, reply_to_id, created_at, updated_at) VALUES (135, 2, 'fdfdf', NULL, 132, '2022-05-26 23:46:20.42413+00', '2022-05-26 23:46:20.42413+00');
INSERT INTO public.comment (id, commentator, comment, post_id, reply_to_id, created_at, updated_at) VALUES (139, 11, 'ssss', 1, NULL, '2022-05-26 23:54:19.764782+00', '2022-05-26 23:54:19.764782+00');
INSERT INTO public.comment (id, commentator, comment, post_id, reply_to_id, created_at, updated_at) VALUES (143, 16, 'kkk', 1, NULL, '2022-05-27 00:02:04.204635+00', '2022-05-27 00:02:04.204635+00');
INSERT INTO public.comment (id, commentator, comment, post_id, reply_to_id, created_at, updated_at) VALUES (147, 16, 'qqq', 1, NULL, '2022-05-27 00:03:24.809935+00', '2022-05-27 00:03:24.809935+00');
INSERT INTO public.comment (id, commentator, comment, post_id, reply_to_id, created_at, updated_at) VALUES (148, 16, 'sdsds', NULL, 147, '2022-05-27 00:03:32.650951+00', '2022-05-27 00:03:32.650951+00');
INSERT INTO public.comment (id, commentator, comment, post_id, reply_to_id, created_at, updated_at) VALUES (109, 19, 'fgfgfg', NULL, 106, '2022-05-26 23:17:35.264698+00', '2022-05-26 23:17:35.264698+00');
INSERT INTO public.comment (id, commentator, comment, post_id, reply_to_id, created_at, updated_at) VALUES (110, 19, 'dfdf', NULL, 106, '2022-05-26 23:20:06.260789+00', '2022-05-26 23:20:06.260789+00');
INSERT INTO public.comment (id, commentator, comment, post_id, reply_to_id, created_at, updated_at) VALUES (111, 7, 'coucou', NULL, 105, '2022-05-26 23:28:12.347266+00', '2022-05-26 23:28:12.347266+00');
INSERT INTO public.comment (id, commentator, comment, post_id, reply_to_id, created_at, updated_at) VALUES (119, 10, 'kjkjk', NULL, 114, '2022-05-26 23:34:19.064542+00', '2022-05-26 23:34:19.064542+00');
INSERT INTO public.comment (id, commentator, comment, post_id, reply_to_id, created_at, updated_at) VALUES (121, 8, 'dfdfdf', NULL, 114, '2022-05-26 23:38:16.00903+00', '2022-05-26 23:38:16.00903+00');
INSERT INTO public.comment (id, commentator, comment, post_id, reply_to_id, created_at, updated_at) VALUES (123, 10, 'YEAHHH', NULL, 117, '2022-05-26 23:39:41.995752+00', '2022-05-26 23:39:41.995752+00');
INSERT INTO public.comment (id, commentator, comment, post_id, reply_to_id, created_at, updated_at) VALUES (125, 12, 'coucou', 1, NULL, '2022-05-26 23:41:21.888845+00', '2022-05-26 23:41:21.888845+00');
INSERT INTO public.comment (id, commentator, comment, post_id, reply_to_id, created_at, updated_at) VALUES (130, 14, 'sss', 1, NULL, '2022-05-26 23:44:38.663381+00', '2022-05-26 23:44:38.663381+00');
INSERT INTO public.comment (id, commentator, comment, post_id, reply_to_id, created_at, updated_at) VALUES (132, 6, 'sss', 1, NULL, '2022-05-26 23:44:58.440893+00', '2022-05-26 23:44:58.440893+00');
INSERT INTO public.comment (id, commentator, comment, post_id, reply_to_id, created_at, updated_at) VALUES (136, 2, 'qqqq', NULL, 132, '2022-05-26 23:46:23.139978+00', '2022-05-26 23:46:23.139978+00');
INSERT INTO public.comment (id, commentator, comment, post_id, reply_to_id, created_at, updated_at) VALUES (114, 1, 'coucou', 1, NULL, '2022-05-26 23:31:35.026802+00', '2022-05-26 23:31:35.026802+00');
INSERT INTO public.comment (id, commentator, comment, post_id, reply_to_id, created_at, updated_at) VALUES (118, 10, 'je te recois', NULL, 117, '2022-05-26 23:32:37.732654+00', '2022-05-26 23:32:37.732654+00');
INSERT INTO public.comment (id, commentator, comment, post_id, reply_to_id, created_at, updated_at) VALUES (120, 8, 'ddf', NULL, 114, '2022-05-26 23:38:13.254701+00', '2022-05-26 23:38:13.254701+00');
INSERT INTO public.comment (id, commentator, comment, post_id, reply_to_id, created_at, updated_at) VALUES (122, 1, 'dfdfd', NULL, 115, '2022-05-26 23:39:08.845785+00', '2022-05-26 23:39:08.845785+00');
INSERT INTO public.comment (id, commentator, comment, post_id, reply_to_id, created_at, updated_at) VALUES (124, 10, 'coucou', 1, NULL, '2022-05-26 23:40:14.533938+00', '2022-05-26 23:40:14.533938+00');
INSERT INTO public.comment (id, commentator, comment, post_id, reply_to_id, created_at, updated_at) VALUES (128, 1, 'hahaha', 1, NULL, '2022-05-26 23:43:00.972991+00', '2022-05-26 23:43:00.972991+00');
INSERT INTO public.comment (id, commentator, comment, post_id, reply_to_id, created_at, updated_at) VALUES (137, 2, 'dsds', 1, NULL, '2022-05-26 23:52:05.901551+00', '2022-05-26 23:52:05.901551+00');
INSERT INTO public.comment (id, commentator, comment, post_id, reply_to_id, created_at, updated_at) VALUES (138, 1, 'aaa', 1, NULL, '2022-05-26 23:53:22.233845+00', '2022-05-26 23:53:22.233845+00');
INSERT INTO public.comment (id, commentator, comment, post_id, reply_to_id, created_at, updated_at) VALUES (141, 5, 'kkkkkk', 1, NULL, '2022-05-26 23:59:44.097153+00', '2022-05-26 23:59:44.097153+00');
INSERT INTO public.comment (id, commentator, comment, post_id, reply_to_id, created_at, updated_at) VALUES (142, 5, 'sss', 1, NULL, '2022-05-27 00:00:17.822722+00', '2022-05-27 00:00:17.822722+00');
INSERT INTO public.comment (id, commentator, comment, post_id, reply_to_id, created_at, updated_at) VALUES (144, 16, 'ygkyutky', 1, NULL, '2022-05-27 00:02:10.448355+00', '2022-05-27 00:02:10.448355+00');
INSERT INTO public.comment (id, commentator, comment, post_id, reply_to_id, created_at, updated_at) VALUES (145, 16, 'llll', NULL, 144, '2022-05-27 00:02:20.695689+00', '2022-05-27 00:02:20.695689+00');
INSERT INTO public.comment (id, commentator, comment, post_id, reply_to_id, created_at, updated_at) VALUES (146, 16, 'kkk', NULL, 144, '2022-05-27 00:02:28.94276+00', '2022-05-27 00:02:28.94276+00');
INSERT INTO public.comment (id, commentator, comment, post_id, reply_to_id, created_at, updated_at) VALUES (149, 1, 'sss', 1, NULL, '2022-05-27 00:36:13.858968+00', '2022-05-27 00:36:13.858968+00');
INSERT INTO public.comment (id, commentator, comment, post_id, reply_to_id, created_at, updated_at) VALUES (140, 11, 'sss', 1, NULL, '2022-05-26 23:55:08.384012+00', '2022-05-26 23:55:08.384012+00');
INSERT INTO public.comment (id, commentator, comment, post_id, reply_to_id, created_at, updated_at) VALUES (150, 1, 'csssffd', 1, NULL, '2022-05-27 00:36:47.75071+00', '2022-05-27 00:36:47.75071+00');
INSERT INTO public.comment (id, commentator, comment, post_id, reply_to_id, created_at, updated_at) VALUES (1, 4, 'Nihil autem a tempora vero sunt ea voluptatem reprehenderit. Explicabo et dolorum. Explicabo sint aspernatur.', 1, NULL, '2022-05-26 14:48:41.552177+00', '2022-05-26 14:48:41.552177+00');
INSERT INTO public.comment (id, commentator, comment, post_id, reply_to_id, created_at, updated_at) VALUES (2, 3, 'Nostrum aut voluptatem harum facere ut laborum. Nulla fugit rem doloremque. Quod incidunt at ex nemo.', 1, NULL, '2022-05-26 14:48:41.557298+00', '2022-05-26 14:48:41.557298+00');
INSERT INTO public.comment (id, commentator, comment, post_id, reply_to_id, created_at, updated_at) VALUES (3, 16, 'Id vero vel ratione itaque ut accusantium. Officia velit facilis qui minima quibusdam minima odit reiciendis. Voluptatem omnis qui aliquam excepturi non.', NULL, 1, '2022-05-26 14:48:41.562726+00', '2022-05-26 14:48:41.562726+00');
INSERT INTO public.comment (id, commentator, comment, post_id, reply_to_id, created_at, updated_at) VALUES (4, 11, 'Voluptatem vero aut dolorem quibusdam. Corporis aliquam omnis est aspernatur quaerat. Voluptatem eligendi esse ea et asperiores.', NULL, 1, '2022-05-26 14:48:41.569171+00', '2022-05-26 14:48:41.569171+00');
INSERT INTO public.comment (id, commentator, comment, post_id, reply_to_id, created_at, updated_at) VALUES (5, 4, 'Beatae modi praesentium maxime eos ad odio voluptatem sit. Omnis laudantium nihil. Veritatis autem sint.', NULL, 2, '2022-05-26 14:48:41.575812+00', '2022-05-26 14:48:41.575812+00');
INSERT INTO public.comment (id, commentator, comment, post_id, reply_to_id, created_at, updated_at) VALUES (6, 9, 'Illo quia quasi dolore consequatur. Nihil quos et autem fugit autem voluptatum. Dicta autem provident ullam esse.', NULL, 1, '2022-05-26 14:48:41.58166+00', '2022-05-26 14:48:41.58166+00');
INSERT INTO public.comment (id, commentator, comment, post_id, reply_to_id, created_at, updated_at) VALUES (7, 7, 'Sit voluptatum amet deserunt alias qui. Debitis nesciunt minima porro. Dolorem recusandae suscipit harum perspiciatis.', NULL, 3, '2022-05-26 14:48:41.589441+00', '2022-05-26 14:48:41.589441+00');
INSERT INTO public.comment (id, commentator, comment, post_id, reply_to_id, created_at, updated_at) VALUES (8, 4, 'Et commodi doloremque et officia. Doloremque optio perferendis laborum veritatis voluptatum molestiae occaecati. Nam incidunt modi dolorum nam quasi qui repellendus unde.', 1, NULL, '2022-05-26 14:48:41.596219+00', '2022-05-26 14:48:41.596219+00');
INSERT INTO public.comment (id, commentator, comment, post_id, reply_to_id, created_at, updated_at) VALUES (9, 5, 'Alias qui incidunt commodi aut. Et est maxime nostrum tempora est temporibus. Facere autem nisi inventore.', 1, NULL, '2022-05-26 14:48:41.602948+00', '2022-05-26 14:48:41.602948+00');
INSERT INTO public.comment (id, commentator, comment, post_id, reply_to_id, created_at, updated_at) VALUES (10, 9, 'Aliquam atque iusto. Voluptas dolorem fugit aut aliquid totam vel. Corrupti minus est.', NULL, 5, '2022-05-26 14:48:41.611317+00', '2022-05-26 14:48:41.611317+00');
INSERT INTO public.comment (id, commentator, comment, post_id, reply_to_id, created_at, updated_at) VALUES (11, 10, 'Alias veritatis nostrum veritatis repudiandae delectus facilis. Consectetur fuga natus nihil et iusto doloribus. Suscipit suscipit tempora sed alias non cum facere voluptates.', 1, NULL, '2022-05-26 14:48:41.61879+00', '2022-05-26 14:48:41.61879+00');
INSERT INTO public.comment (id, commentator, comment, post_id, reply_to_id, created_at, updated_at) VALUES (12, 16, 'Alias vel mollitia fugiat ratione debitis dolorem non repudiandae sint. Accusamus est vitae consequatur consequatur reprehenderit est amet. Odit molestiae explicabo nihil iure eveniet est enim natus id.', 1, NULL, '2022-05-26 14:48:41.625101+00', '2022-05-26 14:48:41.625101+00');
INSERT INTO public.comment (id, commentator, comment, post_id, reply_to_id, created_at, updated_at) VALUES (13, 18, 'Ut expedita molestiae itaque labore ex voluptatibus quia. Beatae error quibusdam. Necessitatibus eaque voluptates perferendis itaque non et.', 1, NULL, '2022-05-26 14:48:41.631342+00', '2022-05-26 14:48:41.631342+00');
INSERT INTO public.comment (id, commentator, comment, post_id, reply_to_id, created_at, updated_at) VALUES (14, 1, 'Quae voluptas ut aut. Vitae maiores et magni ut. Iusto est omnis reprehenderit enim nulla sed.', 1, NULL, '2022-05-26 14:48:41.6372+00', '2022-05-26 14:48:41.6372+00');
INSERT INTO public.comment (id, commentator, comment, post_id, reply_to_id, created_at, updated_at) VALUES (15, 3, 'Voluptatibus consequatur fuga nihil ut molestiae voluptas corporis. Adipisci cum consequuntur non quibusdam ut est blanditiis voluptas. Placeat molestiae laboriosam accusamus voluptas omnis odio dolore.', NULL, 4, '2022-05-26 14:48:41.643742+00', '2022-05-26 14:48:41.643742+00');
INSERT INTO public.comment (id, commentator, comment, post_id, reply_to_id, created_at, updated_at) VALUES (16, 13, 'Quia totam dolorem totam dolore non eum. Sint quas iusto est inventore aliquam doloribus voluptate id vel. Quos sint quaerat provident tempore sit quaerat soluta.', 1, NULL, '2022-05-26 14:48:41.649439+00', '2022-05-26 14:48:41.649439+00');
INSERT INTO public.comment (id, commentator, comment, post_id, reply_to_id, created_at, updated_at) VALUES (17, 9, 'Distinctio ipsam sunt illo enim. Rerum unde nostrum optio odio eius aut voluptas aut. Dolorem suscipit magnam distinctio maxime reiciendis eius exercitationem.', 1, NULL, '2022-05-26 14:48:41.654892+00', '2022-05-26 14:48:41.654892+00');
INSERT INTO public.comment (id, commentator, comment, post_id, reply_to_id, created_at, updated_at) VALUES (18, 18, 'Voluptate voluptatem et quo ut. Autem facere magnam laudantium vel quibusdam. Quos ipsum at.', NULL, 10, '2022-05-26 14:48:41.660404+00', '2022-05-26 14:48:41.660404+00');
INSERT INTO public.comment (id, commentator, comment, post_id, reply_to_id, created_at, updated_at) VALUES (19, 15, 'Tenetur fugiat non. Cumque iste voluptatem at vel. Minima illo fugiat culpa iure sit.', 1, NULL, '2022-05-26 14:48:41.666768+00', '2022-05-26 14:48:41.666768+00');
INSERT INTO public.comment (id, commentator, comment, post_id, reply_to_id, created_at, updated_at) VALUES (20, 14, 'Aut et maxime maxime vero nobis. Reprehenderit quia nobis pariatur repellendus dolor architecto. Vel esse explicabo quasi aliquid eveniet dolorem.', 1, NULL, '2022-05-26 14:48:41.674083+00', '2022-05-26 14:48:41.674083+00');
INSERT INTO public.comment (id, commentator, comment, post_id, reply_to_id, created_at, updated_at) VALUES (21, 13, 'Reprehenderit ut sit commodi tempore nesciunt eum qui qui eius. Ullam corporis veritatis nobis qui tenetur ut. Molestiae magni sit nihil ut odit provident facere soluta.', 1, NULL, '2022-05-26 14:48:41.681698+00', '2022-05-26 14:48:41.681698+00');
INSERT INTO public.comment (id, commentator, comment, post_id, reply_to_id, created_at, updated_at) VALUES (22, 6, 'Ex porro cum incidunt doloremque ullam quia. Aperiam doloremque vitae aliquam magnam ipsa. Odio accusamus molestiae.', 1, NULL, '2022-05-26 14:48:41.688369+00', '2022-05-26 14:48:41.688369+00');
INSERT INTO public.comment (id, commentator, comment, post_id, reply_to_id, created_at, updated_at) VALUES (23, 16, 'Eius optio optio est repellat accusamus ducimus fugit. Culpa voluptatem dolore. Eius harum iusto animi porro.', NULL, 3, '2022-05-26 14:48:41.694778+00', '2022-05-26 14:48:41.694778+00');
INSERT INTO public.comment (id, commentator, comment, post_id, reply_to_id, created_at, updated_at) VALUES (24, 8, 'Velit rerum repellendus explicabo nam. Provident ullam sit asperiores vitae quo. Est alias qui aliquam distinctio ratione.', 1, NULL, '2022-05-26 14:48:41.702589+00', '2022-05-26 14:48:41.702589+00');
INSERT INTO public.comment (id, commentator, comment, post_id, reply_to_id, created_at, updated_at) VALUES (25, 9, 'Architecto rerum commodi pariatur quaerat. Dicta harum sed non quia nisi odit tempore beatae tenetur. Dignissimos dolore sunt molestias est dolorem quia quis.', NULL, 13, '2022-05-26 14:48:41.710266+00', '2022-05-26 14:48:41.710266+00');
INSERT INTO public.comment (id, commentator, comment, post_id, reply_to_id, created_at, updated_at) VALUES (26, 3, 'Itaque sed enim quas vitae explicabo et. Dignissimos non assumenda excepturi reiciendis est aut veritatis. Soluta inventore occaecati quisquam explicabo impedit quia.', 1, NULL, '2022-05-26 14:48:41.716787+00', '2022-05-26 14:48:41.716787+00');
INSERT INTO public.comment (id, commentator, comment, post_id, reply_to_id, created_at, updated_at) VALUES (27, 7, 'Tempore praesentium sit laudantium enim similique natus. Velit quia et. Consequatur repellat provident aperiam sequi explicabo.', 1, NULL, '2022-05-26 14:48:41.723473+00', '2022-05-26 14:48:41.723473+00');
INSERT INTO public.comment (id, commentator, comment, post_id, reply_to_id, created_at, updated_at) VALUES (28, 1, 'Mollitia laborum ea cumque rerum facere. Iusto eius corrupti. Eligendi expedita culpa voluptatum sed.', NULL, 11, '2022-05-26 14:48:41.730497+00', '2022-05-26 14:48:41.730497+00');
INSERT INTO public.comment (id, commentator, comment, post_id, reply_to_id, created_at, updated_at) VALUES (29, 6, 'Harum ipsum id vitae quisquam. Accusantium possimus officiis repudiandae qui doloremque rerum natus sequi veritatis. Exercitationem sunt aliquid laborum odio voluptas ullam.', 1, NULL, '2022-05-26 14:48:41.737408+00', '2022-05-26 14:48:41.737408+00');
INSERT INTO public.comment (id, commentator, comment, post_id, reply_to_id, created_at, updated_at) VALUES (30, 12, 'Necessitatibus recusandae similique tenetur culpa voluptatibus. Maiores optio qui minima. Animi error earum ratione ipsam qui enim sint voluptas qui.', 1, NULL, '2022-05-26 14:48:41.744481+00', '2022-05-26 14:48:41.744481+00');
INSERT INTO public.comment (id, commentator, comment, post_id, reply_to_id, created_at, updated_at) VALUES (31, 5, 'Alias error sed rerum. Earum consequuntur totam non. Perspiciatis tempore id sed.', NULL, 19, '2022-05-26 14:48:41.751499+00', '2022-05-26 14:48:41.751499+00');
INSERT INTO public.comment (id, commentator, comment, post_id, reply_to_id, created_at, updated_at) VALUES (32, 19, 'Laudantium repellendus pariatur quia voluptates est iusto ducimus cumque. Deserunt quam sunt aperiam omnis occaecati commodi placeat atque. Repellat sed doloribus corporis omnis aut dignissimos.', 1, NULL, '2022-05-26 14:48:41.758455+00', '2022-05-26 14:48:41.758455+00');
INSERT INTO public.comment (id, commentator, comment, post_id, reply_to_id, created_at, updated_at) VALUES (33, 19, 'Eum exercitationem deserunt quibusdam vel similique aut aliquid alias beatae. At tempore cumque tempora aspernatur ipsa ut natus vero. Minus molestias et non labore aperiam porro quaerat et quam.', NULL, 8, '2022-05-26 14:48:41.765428+00', '2022-05-26 14:48:41.765428+00');
INSERT INTO public.comment (id, commentator, comment, post_id, reply_to_id, created_at, updated_at) VALUES (34, 5, 'Neque ducimus fugit voluptate. Et in expedita. Et ut velit expedita qui natus omnis labore.', NULL, 7, '2022-05-26 14:48:41.772248+00', '2022-05-26 14:48:41.772248+00');
INSERT INTO public.comment (id, commentator, comment, post_id, reply_to_id, created_at, updated_at) VALUES (35, 18, 'Illo tempore ullam sed sed repellat et. Sed libero saepe ut dolore quasi officiis beatae harum qui. Cumque et sed velit voluptates doloremque et.', 1, NULL, '2022-05-26 14:48:41.779244+00', '2022-05-26 14:48:41.779244+00');
INSERT INTO public.comment (id, commentator, comment, post_id, reply_to_id, created_at, updated_at) VALUES (36, 10, 'Tenetur sed nulla exercitationem doloribus qui quidem dolor. Distinctio placeat beatae. Praesentium aut omnis quasi aspernatur cum.', NULL, 4, '2022-05-26 14:48:41.787003+00', '2022-05-26 14:48:41.787003+00');
INSERT INTO public.comment (id, commentator, comment, post_id, reply_to_id, created_at, updated_at) VALUES (37, 16, 'Quae eveniet totam praesentium aut dolores beatae deleniti porro. Sunt hic autem nobis. Vero tempora aut omnis hic.', NULL, 22, '2022-05-26 14:48:41.794578+00', '2022-05-26 14:48:41.794578+00');
INSERT INTO public.comment (id, commentator, comment, post_id, reply_to_id, created_at, updated_at) VALUES (38, 2, 'Non in consequatur labore quaerat quas similique. Eum ut est aut enim ducimus illum occaecati minus repellat. Ipsum amet nihil cupiditate ad.', NULL, 9, '2022-05-26 14:48:41.800944+00', '2022-05-26 14:48:41.800944+00');
INSERT INTO public.comment (id, commentator, comment, post_id, reply_to_id, created_at, updated_at) VALUES (39, 17, 'Similique repellat sit incidunt quod qui ex rerum. Dolorum molestias quasi corporis possimus est sint. Distinctio ad quo voluptate accusantium a esse rerum iure.', 1, NULL, '2022-05-26 14:48:41.806018+00', '2022-05-26 14:48:41.806018+00');
INSERT INTO public.comment (id, commentator, comment, post_id, reply_to_id, created_at, updated_at) VALUES (40, 17, 'Quidem quis sequi cupiditate et neque est. In necessitatibus est. Natus repellat iusto numquam sequi suscipit in ea eveniet id.', NULL, 8, '2022-05-26 14:48:41.810276+00', '2022-05-26 14:48:41.810276+00');
INSERT INTO public.comment (id, commentator, comment, post_id, reply_to_id, created_at, updated_at) VALUES (41, 14, 'Et voluptatem ipsum dignissimos neque velit nihil voluptatem a consectetur. Cum perspiciatis deleniti inventore dolore sit illo sit. Est aut tempora sed delectus eum numquam veniam.', NULL, 10, '2022-05-26 14:48:41.814475+00', '2022-05-26 14:48:41.814475+00');
INSERT INTO public.comment (id, commentator, comment, post_id, reply_to_id, created_at, updated_at) VALUES (42, 7, 'Alias possimus enim consequatur voluptatem temporibus optio labore. Est voluptatem inventore velit est aut fuga in. Non nisi ut rerum quidem et beatae.', 1, NULL, '2022-05-26 14:48:41.818748+00', '2022-05-26 14:48:41.818748+00');
INSERT INTO public.comment (id, commentator, comment, post_id, reply_to_id, created_at, updated_at) VALUES (43, 18, 'Adipisci maiores maiores aliquam deleniti voluptatem optio. Sint officia occaecati incidunt. Dolor deleniti aut.', NULL, 39, '2022-05-26 14:48:41.823059+00', '2022-05-26 14:48:41.823059+00');
INSERT INTO public.comment (id, commentator, comment, post_id, reply_to_id, created_at, updated_at) VALUES (44, 2, 'Voluptatem placeat eos molestiae sint. Velit nesciunt repellat. Quis qui error eos ipsum quibusdam nam aperiam nihil.', 1, NULL, '2022-05-26 14:48:41.827637+00', '2022-05-26 14:48:41.827637+00');
INSERT INTO public.comment (id, commentator, comment, post_id, reply_to_id, created_at, updated_at) VALUES (45, 16, 'Voluptas architecto mollitia mollitia quia fuga. Labore aut iusto eius provident reprehenderit. Mollitia est aut quibusdam molestiae quibusdam sunt.', NULL, 28, '2022-05-26 14:48:41.832326+00', '2022-05-26 14:48:41.832326+00');
INSERT INTO public.comment (id, commentator, comment, post_id, reply_to_id, created_at, updated_at) VALUES (46, 7, 'Et explicabo nostrum necessitatibus delectus dolorum. Quas iure nihil sequi voluptatem ut et sint rerum placeat. Et voluptates natus sit sint autem.', 1, NULL, '2022-05-26 14:48:41.836863+00', '2022-05-26 14:48:41.836863+00');
INSERT INTO public.comment (id, commentator, comment, post_id, reply_to_id, created_at, updated_at) VALUES (47, 19, 'Quia error velit illo. Ut ea provident. Vero quas odio ut amet quos tempore necessitatibus.', NULL, 35, '2022-05-26 14:48:41.841702+00', '2022-05-26 14:48:41.841702+00');
INSERT INTO public.comment (id, commentator, comment, post_id, reply_to_id, created_at, updated_at) VALUES (48, 4, 'Sed dolor ullam totam voluptatem dolore eos eum est. Quam voluptatem consequatur voluptatum ut quam accusamus enim. Nihil aut possimus blanditiis repudiandae.', NULL, 27, '2022-05-26 14:48:41.845926+00', '2022-05-26 14:48:41.845926+00');
INSERT INTO public.comment (id, commentator, comment, post_id, reply_to_id, created_at, updated_at) VALUES (49, 3, 'Velit modi quo numquam. Optio cupiditate exercitationem voluptas cum esse. Incidunt recusandae reprehenderit architecto tenetur eum enim vel rerum voluptas.', 1, NULL, '2022-05-26 14:48:41.850112+00', '2022-05-26 14:48:41.850112+00');
INSERT INTO public.comment (id, commentator, comment, post_id, reply_to_id, created_at, updated_at) VALUES (50, 15, 'Quo aspernatur et voluptas quis. Porro qui quibusdam velit illo earum et. Id consequuntur rerum quod similique sed itaque quis omnis ipsam.', NULL, 29, '2022-05-26 14:48:41.854495+00', '2022-05-26 14:48:41.854495+00');
INSERT INTO public.upvote (id, upvoter_id, upvoted_comment_id, created_at) VALUES (149, 11, 104, '2022-05-26 22:42:53.868697+00');
INSERT INTO public.upvote (id, upvoter_id, upvoted_comment_id, created_at) VALUES (54, 1, 1, '2022-05-26 15:53:02.987962+00');
INSERT INTO public.upvote (id, upvoter_id, upvoted_comment_id, created_at) VALUES (150, 18, 105, '2022-05-26 22:46:28.48134+00');
INSERT INTO public.upvote (id, upvoter_id, upvoted_comment_id, created_at) VALUES (62, 13, 67, '2022-05-26 15:58:16.156354+00');
INSERT INTO public.upvote (id, upvoter_id, upvoted_comment_id, created_at) VALUES (152, 9, 43, '2022-05-26 23:00:37.639098+00');
INSERT INTO public.upvote (id, upvoter_id, upvoted_comment_id, created_at) VALUES (67, 12, 67, '2022-05-26 15:58:26.643898+00');
INSERT INTO public.upvote (id, upvoter_id, upvoted_comment_id, created_at) VALUES (73, 2, 67, '2022-05-26 15:58:39.795398+00');
INSERT INTO public.upvote (id, upvoter_id, upvoted_comment_id, created_at) VALUES (76, 9, 67, '2022-05-26 15:59:35.381936+00');
INSERT INTO public.upvote (id, upvoter_id, upvoted_comment_id, created_at) VALUES (87, 1, 67, '2022-05-26 16:01:18.518625+00');
INSERT INTO public.upvote (id, upvoter_id, upvoted_comment_id, created_at) VALUES (56, 10, 67, '2022-05-26 15:55:59.673013+00');
INSERT INTO public.upvote (id, upvoter_id, upvoted_comment_id, created_at) VALUES (151, 18, 106, '2022-05-26 22:46:38.73977+00');
INSERT INTO public.upvote (id, upvoter_id, upvoted_comment_id, created_at) VALUES (153, 12, 114, '2022-05-26 23:31:40.834004+00');
INSERT INTO public.upvote (id, upvoter_id, upvoted_comment_id, created_at) VALUES (59, 10, 66, '2022-05-26 15:56:45.085669+00');
INSERT INTO public.upvote (id, upvoter_id, upvoted_comment_id, created_at) VALUES (60, 7, 67, '2022-05-26 15:57:38.340148+00');
INSERT INTO public.upvote (id, upvoter_id, upvoted_comment_id, created_at) VALUES (160, 1, 138, '2022-05-26 23:53:27.725934+00');
INSERT INTO public.upvote (id, upvoter_id, upvoted_comment_id, created_at) VALUES (65, 3, 67, '2022-05-26 15:58:21.807167+00');
INSERT INTO public.upvote (id, upvoter_id, upvoted_comment_id, created_at) VALUES (71, 17, 67, '2022-05-26 15:58:36.441659+00');
INSERT INTO public.upvote (id, upvoter_id, upvoted_comment_id, created_at) VALUES (92, 7, 102, '2022-05-26 21:51:28.157717+00');
INSERT INTO public.upvote (id, upvoter_id, upvoted_comment_id, created_at) VALUES (154, 14, 119, '2022-05-26 23:34:33.974861+00');
INSERT INTO public.upvote (id, upvoter_id, upvoted_comment_id, created_at) VALUES (155, 10, 123, '2022-05-26 23:39:46.167055+00');
INSERT INTO public.upvote (id, upvoter_id, upvoted_comment_id, created_at) VALUES (156, 2, 132, '2022-05-26 23:49:45.560665+00');
INSERT INTO public.upvote (id, upvoter_id, upvoted_comment_id, created_at) VALUES (161, 11, 139, '2022-05-26 23:54:22.553968+00');
INSERT INTO public.upvote (id, upvoter_id, upvoted_comment_id, created_at) VALUES (162, 11, 140, '2022-05-26 23:55:11.406741+00');
INSERT INTO public.upvote (id, upvoter_id, upvoted_comment_id, created_at) VALUES (164, 5, 141, '2022-05-26 23:59:48.843414+00');
INSERT INTO public.upvote (id, upvoter_id, upvoted_comment_id, created_at) VALUES (158, 2, 136, '2022-05-26 23:50:02.628765+00');
INSERT INTO public.upvote (id, upvoter_id, upvoted_comment_id, created_at) VALUES (97, 7, 101, '2022-05-26 21:52:27.105992+00');
INSERT INTO public.upvote (id, upvoter_id, upvoted_comment_id, created_at) VALUES (98, 6, 102, '2022-05-26 21:53:03.602645+00');
INSERT INTO public.upvote (id, upvoter_id, upvoted_comment_id, created_at) VALUES (99, 1, 93, '2022-05-26 21:55:05.557038+00');
INSERT INTO public.upvote (id, upvoter_id, upvoted_comment_id, created_at) VALUES (100, 6, 82, '2022-05-26 21:55:27.981541+00');
INSERT INTO public.upvote (id, upvoter_id, upvoted_comment_id, created_at) VALUES (101, 11, 102, '2022-05-26 21:57:04.321617+00');
INSERT INTO public.upvote (id, upvoter_id, upvoted_comment_id, created_at) VALUES (102, 11, 98, '2022-05-26 21:57:09.249344+00');
INSERT INTO public.upvote (id, upvoter_id, upvoted_comment_id, created_at) VALUES (103, 11, 96, '2022-05-26 21:57:14.638369+00');
INSERT INTO public.upvote (id, upvoter_id, upvoted_comment_id, created_at) VALUES (108, 6, 99, '2022-05-26 22:03:03.734721+00');
INSERT INTO public.upvote (id, upvoter_id, upvoted_comment_id, created_at) VALUES (111, 13, 99, '2022-05-26 22:06:32.848519+00');
INSERT INTO public.upvote (id, upvoter_id, upvoted_comment_id, created_at) VALUES (120, 14, 102, '2022-05-26 22:08:09.825814+00');
INSERT INTO public.upvote (id, upvoter_id, upvoted_comment_id, created_at) VALUES (134, 2, 101, '2022-05-26 22:22:07.539931+00');
INSERT INTO public.upvote (id, upvoter_id, upvoted_comment_id, created_at) VALUES (135, 2, 95, '2022-05-26 22:22:17.791228+00');
INSERT INTO public.upvote (id, upvoter_id, upvoted_comment_id, created_at) VALUES (138, 14, 101, '2022-05-26 22:41:54.60234+00');
INSERT INTO public.upvote (id, upvoter_id, upvoted_comment_id, created_at) VALUES (139, 9, 103, '2022-05-26 22:42:09.690969+00');
INSERT INTO public.upvote (id, upvoter_id, upvoted_comment_id, created_at) VALUES (159, 2, 137, '2022-05-26 23:52:08.475541+00');
INSERT INTO public.upvote (id, upvoter_id, upvoted_comment_id, created_at) VALUES (124, 15, 102, '2022-05-26 22:08:27.069521+00');
INSERT INTO public.upvote (id, upvoter_id, upvoted_comment_id, created_at) VALUES (130, 15, 92, '2022-05-26 22:11:25.152607+00');
INSERT INTO public.upvote (id, upvoter_id, upvoted_comment_id, created_at) VALUES (165, 16, 143, '2022-05-27 00:02:06.39399+00');
INSERT INTO public.upvote (id, upvoter_id, upvoted_comment_id, created_at) VALUES (168, 16, 147, '2022-05-27 00:03:29.166169+00');
INSERT INTO public.upvote (id, upvoter_id, upvoted_comment_id, created_at) VALUES (117, 13, 101, '2022-05-26 22:08:00.833169+00');
INSERT INTO public.upvote (id, upvoter_id, upvoted_comment_id, created_at) VALUES (118, 17, 102, '2022-05-26 22:08:05.335857+00');
INSERT INTO public.upvote (id, upvoter_id, upvoted_comment_id, created_at) VALUES (122, 18, 102, '2022-05-26 22:08:21.362493+00');
INSERT INTO public.upvote (id, upvoter_id, upvoted_comment_id, created_at) VALUES (126, 15, 97, '2022-05-26 22:11:13.33726+00');
INSERT INTO public.upvote (id, upvoter_id, upvoted_comment_id, created_at) VALUES (127, 15, 94, '2022-05-26 22:11:17.812818+00');
INSERT INTO public.upvote (id, upvoter_id, upvoted_comment_id, created_at) VALUES (128, 15, 91, '2022-05-26 22:11:20.733875+00');
INSERT INTO public.upvote (id, upvoter_id, upvoted_comment_id, created_at) VALUES (131, 15, 89, '2022-05-26 22:11:27.413362+00');
INSERT INTO public.upvote (id, upvoter_id, upvoted_comment_id, created_at) VALUES (132, 2, 102, '2022-05-26 22:22:03.76218+00');
INSERT INTO public.upvote (id, upvoter_id, upvoted_comment_id, created_at) VALUES (166, 16, 144, '2022-05-27 00:02:13.162729+00');
INSERT INTO public.upvote (id, upvoter_id, upvoted_comment_id, created_at) VALUES (167, 16, 146, '2022-05-27 00:02:31.237818+00');
INSERT INTO public.upvote (id, upvoter_id, upvoted_comment_id, created_at) VALUES (169, 16, 148, '2022-05-27 00:03:34.739046+00');
INSERT INTO public.upvote (id, upvoter_id, upvoted_comment_id, created_at) VALUES (1, 6, 20, '2022-05-26 14:48:41.859465+00');
INSERT INTO public.upvote (id, upvoter_id, upvoted_comment_id, created_at) VALUES (2, 1, 31, '2022-05-26 14:48:41.859465+00');
INSERT INTO public.upvote (id, upvoter_id, upvoted_comment_id, created_at) VALUES (3, 11, 21, '2022-05-26 14:48:41.859465+00');
INSERT INTO public.upvote (id, upvoter_id, upvoted_comment_id, created_at) VALUES (4, 11, 2, '2022-05-26 14:48:41.859465+00');
INSERT INTO public.upvote (id, upvoter_id, upvoted_comment_id, created_at) VALUES (5, 10, 36, '2022-05-26 14:48:41.859465+00');
INSERT INTO public.upvote (id, upvoter_id, upvoted_comment_id, created_at) VALUES (6, 15, 24, '2022-05-26 14:48:41.859465+00');
INSERT INTO public.upvote (id, upvoter_id, upvoted_comment_id, created_at) VALUES (7, 16, 11, '2022-05-26 14:48:41.859465+00');
INSERT INTO public.upvote (id, upvoter_id, upvoted_comment_id, created_at) VALUES (8, 5, 32, '2022-05-26 14:48:41.859465+00');
INSERT INTO public.upvote (id, upvoter_id, upvoted_comment_id, created_at) VALUES (9, 13, 27, '2022-05-26 14:48:41.859465+00');
INSERT INTO public.upvote (id, upvoter_id, upvoted_comment_id, created_at) VALUES (10, 17, 46, '2022-05-26 14:48:41.859465+00');
INSERT INTO public.upvote (id, upvoter_id, upvoted_comment_id, created_at) VALUES (12, 8, 10, '2022-05-26 14:48:41.859465+00');
INSERT INTO public.upvote (id, upvoter_id, upvoted_comment_id, created_at) VALUES (13, 17, 11, '2022-05-26 14:48:41.859465+00');
INSERT INTO public.upvote (id, upvoter_id, upvoted_comment_id, created_at) VALUES (14, 19, 37, '2022-05-26 14:48:41.859465+00');
INSERT INTO public.upvote (id, upvoter_id, upvoted_comment_id, created_at) VALUES (15, 8, 18, '2022-05-26 14:48:41.859465+00');
INSERT INTO public.upvote (id, upvoter_id, upvoted_comment_id, created_at) VALUES (16, 15, 20, '2022-05-26 14:48:41.859465+00');
INSERT INTO public.upvote (id, upvoter_id, upvoted_comment_id, created_at) VALUES (17, 15, 13, '2022-05-26 14:48:41.859465+00');
INSERT INTO public.upvote (id, upvoter_id, upvoted_comment_id, created_at) VALUES (18, 6, 19, '2022-05-26 14:48:41.859465+00');
INSERT INTO public.upvote (id, upvoter_id, upvoted_comment_id, created_at) VALUES (19, 6, 47, '2022-05-26 14:48:41.859465+00');
INSERT INTO public.upvote (id, upvoter_id, upvoted_comment_id, created_at) VALUES (20, 15, 3, '2022-05-26 14:48:41.859465+00');
INSERT INTO public.upvote (id, upvoter_id, upvoted_comment_id, created_at) VALUES (21, 3, 32, '2022-05-26 14:48:41.859465+00');
INSERT INTO public.upvote (id, upvoter_id, upvoted_comment_id, created_at) VALUES (22, 13, 45, '2022-05-26 14:48:41.859465+00');
INSERT INTO public.upvote (id, upvoter_id, upvoted_comment_id, created_at) VALUES (23, 14, 32, '2022-05-26 14:48:41.859465+00');
INSERT INTO public.upvote (id, upvoter_id, upvoted_comment_id, created_at) VALUES (24, 12, 46, '2022-05-26 14:48:41.859465+00');
INSERT INTO public.upvote (id, upvoter_id, upvoted_comment_id, created_at) VALUES (25, 10, 22, '2022-05-26 14:48:41.859465+00');
INSERT INTO public.upvote (id, upvoter_id, upvoted_comment_id, created_at) VALUES (26, 6, 13, '2022-05-26 14:48:41.859465+00');
INSERT INTO public.upvote (id, upvoter_id, upvoted_comment_id, created_at) VALUES (27, 17, 43, '2022-05-26 14:48:41.859465+00');
INSERT INTO public.upvote (id, upvoter_id, upvoted_comment_id, created_at) VALUES (28, 8, 42, '2022-05-26 14:48:41.859465+00');
INSERT INTO public.upvote (id, upvoter_id, upvoted_comment_id, created_at) VALUES (29, 16, 41, '2022-05-26 14:48:41.859465+00');
INSERT INTO public.upvote (id, upvoter_id, upvoted_comment_id, created_at) VALUES (30, 8, 26, '2022-05-26 14:48:41.859465+00');
INSERT INTO public.upvote (id, upvoter_id, upvoted_comment_id, created_at) VALUES (31, 11, 23, '2022-05-26 14:48:41.859465+00');
INSERT INTO public.upvote (id, upvoter_id, upvoted_comment_id, created_at) VALUES (32, 18, 31, '2022-05-26 14:48:41.859465+00');
INSERT INTO public.upvote (id, upvoter_id, upvoted_comment_id, created_at) VALUES (33, 4, 40, '2022-05-26 14:48:41.859465+00');
INSERT INTO public.upvote (id, upvoter_id, upvoted_comment_id, created_at) VALUES (34, 9, 14, '2022-05-26 14:48:41.859465+00');
INSERT INTO public.upvote (id, upvoter_id, upvoted_comment_id, created_at) VALUES (35, 7, 12, '2022-05-26 14:48:41.859465+00');
INSERT INTO public.upvote (id, upvoter_id, upvoted_comment_id, created_at) VALUES (36, 3, 36, '2022-05-26 14:48:41.859465+00');
INSERT INTO public.upvote (id, upvoter_id, upvoted_comment_id, created_at) VALUES (37, 12, 1, '2022-05-26 14:48:41.859465+00');
INSERT INTO public.upvote (id, upvoter_id, upvoted_comment_id, created_at) VALUES (38, 10, 11, '2022-05-26 14:48:41.859465+00');
INSERT INTO public.upvote (id, upvoter_id, upvoted_comment_id, created_at) VALUES (39, 15, 18, '2022-05-26 14:48:41.859465+00');
INSERT INTO public.upvote (id, upvoter_id, upvoted_comment_id, created_at) VALUES (40, 1, 19, '2022-05-26 14:48:41.859465+00');
INSERT INTO public.upvote (id, upvoter_id, upvoted_comment_id, created_at) VALUES (42, 5, 16, '2022-05-26 14:48:41.859465+00');
INSERT INTO public.upvote (id, upvoter_id, upvoted_comment_id, created_at) VALUES (43, 9, 21, '2022-05-26 14:48:41.859465+00');
INSERT INTO public.upvote (id, upvoter_id, upvoted_comment_id, created_at) VALUES (44, 18, 22, '2022-05-26 14:48:41.859465+00');
INSERT INTO public.upvote (id, upvoter_id, upvoted_comment_id, created_at) VALUES (45, 4, 25, '2022-05-26 14:48:41.859465+00');
INSERT INTO public.upvote (id, upvoter_id, upvoted_comment_id, created_at) VALUES (46, 1, 33, '2022-05-26 14:48:41.859465+00');
INSERT INTO public.upvote (id, upvoter_id, upvoted_comment_id, created_at) VALUES (47, 15, 42, '2022-05-26 14:48:41.859465+00');
INSERT INTO public.upvote (id, upvoter_id, upvoted_comment_id, created_at) VALUES (48, 4, 36, '2022-05-26 14:48:41.859465+00');
INSERT INTO public.upvote (id, upvoter_id, upvoted_comment_id, created_at) VALUES (49, 14, 17, '2022-05-26 14:48:41.859465+00');
SELECT pg_catalog.setval('public.comment_id_seq', 150, true);
SELECT pg_catalog.setval('public.post_id_seq', 1, true);
SELECT pg_catalog.setval('public.upvote_id_seq', 169, true);
SELECT pg_catalog.setval('public.user_id_seq', 20, true);
